name,url,id,location,price,price_type,currency,energy_rating,energy_rating_text,description,agent_name,agent_url,agency_name,agency_url,params
Prodej bytu 2+kk 34 m²,https://www.sreality.cz/detail/prodej/byt/2+kk/milovice-mlada-slepa/4218858332,4218858332,"ustecky-kraj,karlovarsky-kraj,stredocesky-kraj",2822000,sale,CZK,C,Úsporná,"Nabízíme Vám nový cihlový byt 2+kk ve 3.NP o výměře 33,9  ihned k nastěhování v našem projektu, kde naleznete byty od 1+kk po 3+kk. Byt je prosvětlený, v každém pokoji má francouzské okno s výhledem do zeleně. Byt má podlahové topení, plovoucí podlahy a obložkové zárubně. Dům je zateplen 140 mm izolací, plastová okna... Dům je v klidné části Milovic s pěší dostupností dvou obchodů a dalšího obchodu (LIDL) ve výstavbě. Zastávka autobusu s návazností na vlak (vše PID), škola a školka jsou také v pěší dostupnosti. Parkování je možno před domem nebo vedle domu na prostorném parkovišti. V případě zájmu nás kontaktujte a domluvte si prohlídku.",Jan Vaněk,/adresar/rodley-s-r-o-praha-reporyje/17523/makleri/62725,Rodley s.r.o.,http://www.milovicebyty.cz,"list(list(`Celková cena:` = ""2 822 000 Kč za nemovitost, včetně provize, včetně DPH, včetně právního servisu"", `Aktualizace:` = ""05.08.2021"", `ID:` = ""4218858332"", `Stavba:` = ""Cihlová"", `Stav objektu:` = ""Novostavba"", `Vlastnictví:` = ""Osobní""), list(`Celková cena:` = ""7 500 000 Kč za nemovitost, + provize RK"", `Náklady na bydlení:` = ""platby SVJ: 2400, elektřina: 1200, plyn: 700"", `ID zakázky:` = ""16482"", `Aktualizace:` = ""07.08.2021"", `Stavba:` = ""Smíšená"", `Stav objektu:` = ""Velmi dobrý"", 
    `Vlastnictví:` = ""Osobní"", `Podlaží:` = ""1. podlaží z celkem 2"", `Užitná plocha:` = ""94 m2"", `Plocha podlahová:` = ""82 m2"", `Terasa:` = ""12 m2"", `Parkování:` = """"), list(`Celková cena:` = ""4 800 000 Kč za nemovitost, včetně provize (k jednání)"", `Poznámka k ceně:` = ""včetně provize pro RK"", `ID zakázky:` = ""17357"", `Aktualizace:` = ""07.08.2021"", `Stavba:` = ""Cihlová"", `Stav objektu:` = ""Novostavba"", `Vlastnictví:` = ""Osobní"", `Podlaží:` = ""2. podlaží z celkem 3"", 
    `Užitná plocha:` = ""63 m2"", `Plocha podlahová:` = ""63 m2"", `Terasa:` = ""9 m2"", `Sklep:` = """", `Parkování:` = """"), list(`Celková cena:` = ""11 900 000 Kč za nemovitost, včetně provize"", `Poznámka k ceně:` = ""Kupující neplatí provizi RK, cena je vč. provize RK a právního servisu."", `Náklady na bydlení:` = ""Poplatky ve výši 5.336,- Kč, plus stávající záloha elektřiny 1.740,- Kč, vše pro 3 osoby."", `ID zakázky:` = ""0205-NP07220"", `Aktualizace:` = ""06.08.2021"", `Stavba:` = ""Cihlová"", 
    `Stav objektu:` = ""Novostavba"", `Vlastnictví:` = ""Osobní"", `Umístění objektu:` = ""Klidná část obce"", `Podlaží:` = ""5. podlaží z celkem 5 včetně 1 podzemního"", `Užitná plocha:` = ""131 m2"", `Plocha podlahová:` = ""101 m2"", `Terasa:` = ""29 m2"", `Sklep:` = ""3 m2"", `Parkování:` = ""1""), list(`Celková cena:` = ""7 600 000 Kč za nemovitost, včetně provize"", `ID zakázky:` = ""775011"", `Aktualizace:` = ""06.08.2021"", `Stavba:` = ""Smíšená"", `Stav objektu:` = ""Velmi dobrý"", `Vlastnictví:` = ""Osobní"", 
    `Umístění objektu:` = ""Klidná část obce"", `Podlaží:` = ""1. podlaží z celkem 2"", `Užitná plocha:` = ""103 m2"", `Plocha podlahová:` = ""103 m2""), list(`Celková cena:` = ""3 500 000 Kč za nemovitost, včetně provize"", `Poznámka k ceně:` = ""V případě více zájemců může RK využít pro výběr kupujícího formu aukce."", `ID zakázky:` = ""773020"", `Aktualizace:` = ""Včera"", `Stavba:` = ""Cihlová"", `Stav objektu:` = ""Velmi dobrý"", `Vlastnictví:` = ""Osobní"", `Umístění objektu:` = ""Okraj obce"", 
    `Podlaží:` = ""1. podlaží z celkem 5 včetně 1 podzemního"", `Užitná plocha:` = ""80 m2"", `Plocha podlahová:` = ""38 m2"", `Plocha zahrady:` = ""38 m2""), list(`Celková cena:` = ""5 950 000 Kč za nemovitost, včetně provize, bez poplatků, bez DPH, včetně právního servisu"", `Aktualizace:` = ""06.08.2021"", `ID:` = ""966175580"", `Stavba:` = ""Cihlová"", `Stav objektu:` = ""Velmi dobrý"", `Vlastnictví:` = ""Osobní"", `Převod do OV:` = ""Ano"", `Umístění objektu:` = ""Klidná část obce"", `Podlaží:` = ""3. podlaží z celkem 4"", 
    `Užitná plocha:` = ""66 m2"", `Terasa:` = """", `Sklep:` = """", `Parkování:` = ""1"", `Datum nastěhování:` = ""01.09.2021""), list(`Celková cena:` = ""8 700 000 Kč za nemovitost, včetně provize, včetně DPH, včetně právního servisu"", `Poznámka k ceně:` = ""vč. DPH, neplatíte provizi!"", `ID zakázky:` = ""VDV_101"", `Aktualizace:` = ""Dnes"", `Stavba:` = ""Smíšená"", `Stav objektu:` = ""Novostavba"", `Vlastnictví:` = ""Osobní"", `Umístění objektu:` = ""Klidná část obce"", `Podlaží:` = ""1. podlaží z celkem 3 včetně 1 podzemního"", 
    `Užitná plocha:` = ""84 m2"", `Plocha podlahová:` = ""80 m2""), list(`Celková cena:` = ""5 100 000 Kč za nemovitost"", `Poznámka k ceně:` = ""+1% provize"", `ID zakázky:` = ""RS307423"", `Aktualizace:` = ""04.08.2021"", `Stavba:` = ""Cihlová"", `Stav objektu:` = ""Velmi dobrý"", `Vlastnictví:` = ""Osobní""), list(`Celková cena:` = ""7 210 000 Kč za nemovitost"", `ID zakázky:` = ""10947"", `Aktualizace:` = ""02.08.2021"", `Stavba:` = ""Cihlová"", `Stav objektu:` = ""Velmi dobrý"", `Vlastnictví:` = ""Osobní""))"
Prodej bytu 3+kk 94 m²,https://www.sreality.cz/detail/prodej/byt/3+kk/kraluv-dvur-levin-vetrna/814390108,814390108,"ustecky-kraj,karlovarsky-kraj,stredocesky-kraj",7500000,sale,CZK,G,Mimořádně nehospodárná,"Nabízíme k prodeji byt 3+kk/T v OV, 82 m2, 12 m2 terasa, Králův Dvůr - Levín (okres Beroun), ul. Větrná. Byt se nachází v krásné vilové čtvrti na kraji obce a zaručuje naprostý klid.Skládá se ze dvou pater propojených centrálním schodištěm. Prostorné zádveří slouží jako přirozený přechod z přírody do designového bytu. Spodní patro působí velkoryse - centrální obývací prostor je organicky propojen s téměř netknutou kuchyní, ohromné francouzské okno pak láká k pobytu na terase s výhledem do soukromé zahrady. V přízemí najdeme samostatnou místnost pro pračku a sušičku, toaletu, jakož i technickou místnost.Do prvního patra vstupujeme po schodišti z dřevěného masivu. Na jižní straně vévodí prostorná ložnice se zabudovanou šatní skříní a epickým výhledem do lesů. Severní strana pak patří rozsáhlému dětskému pokoji. Přirozeným středem patra je koupelna s toaletou v duchu Villeroy&Boch.Byt má vytápěné podlahy s možností regulace v každé místnosti.Velkým benefitem je nový dům - jedná se o dřevostavbu s ocelovou konstrukcí, díky čemuž má byt minimální provozní náklady. K bytu náleží soukromá zahrada s pergolou pro večerní grilování. Dům obsahuje pouze tři byty, sousedská komunita je semknutá. Hned za domem začíná les, v docházkové vzdálenosti je několik rybníků i zastávka autobusu. V obci je veškerá občanská vybavenost. Praha je pohodlných 20 minut autem po dálnici.Doporučujeme prohlídku.Na tuto nemovitost Vám pomůžeme zajistit financování s nízkou úrokovou sazbou Třída G - Mimořádně nehospodárná – Energetický štítek budovy (PENB) nebyl dodán.",David Ondřej,/adresar/archer-reality-praha-praha-zizkov/17673/makleri/193233,ARCHER reality Praha,https://www.archer-reality.cz,"list(list(`Celková cena:` = ""2 822 000 Kč za nemovitost, včetně provize, včetně DPH, včetně právního servisu"", `Aktualizace:` = ""05.08.2021"", `ID:` = ""4218858332"", `Stavba:` = ""Cihlová"", `Stav objektu:` = ""Novostavba"", `Vlastnictví:` = ""Osobní""), list(`Celková cena:` = ""7 500 000 Kč za nemovitost, + provize RK"", `Náklady na bydlení:` = ""platby SVJ: 2400, elektřina: 1200, plyn: 700"", `ID zakázky:` = ""16482"", `Aktualizace:` = ""07.08.2021"", `Stavba:` = ""Smíšená"", `Stav objektu:` = ""Velmi dobrý"", 
    `Vlastnictví:` = ""Osobní"", `Podlaží:` = ""1. podlaží z celkem 2"", `Užitná plocha:` = ""94 m2"", `Plocha podlahová:` = ""82 m2"", `Terasa:` = ""12 m2"", `Parkování:` = """"), list(`Celková cena:` = ""4 800 000 Kč za nemovitost, včetně provize (k jednání)"", `Poznámka k ceně:` = ""včetně provize pro RK"", `ID zakázky:` = ""17357"", `Aktualizace:` = ""07.08.2021"", `Stavba:` = ""Cihlová"", `Stav objektu:` = ""Novostavba"", `Vlastnictví:` = ""Osobní"", `Podlaží:` = ""2. podlaží z celkem 3"", 
    `Užitná plocha:` = ""63 m2"", `Plocha podlahová:` = ""63 m2"", `Terasa:` = ""9 m2"", `Sklep:` = """", `Parkování:` = """"), list(`Celková cena:` = ""11 900 000 Kč za nemovitost, včetně provize"", `Poznámka k ceně:` = ""Kupující neplatí provizi RK, cena je vč. provize RK a právního servisu."", `Náklady na bydlení:` = ""Poplatky ve výši 5.336,- Kč, plus stávající záloha elektřiny 1.740,- Kč, vše pro 3 osoby."", `ID zakázky:` = ""0205-NP07220"", `Aktualizace:` = ""06.08.2021"", `Stavba:` = ""Cihlová"", 
    `Stav objektu:` = ""Novostavba"", `Vlastnictví:` = ""Osobní"", `Umístění objektu:` = ""Klidná část obce"", `Podlaží:` = ""5. podlaží z celkem 5 včetně 1 podzemního"", `Užitná plocha:` = ""131 m2"", `Plocha podlahová:` = ""101 m2"", `Terasa:` = ""29 m2"", `Sklep:` = ""3 m2"", `Parkování:` = ""1""), list(`Celková cena:` = ""7 600 000 Kč za nemovitost, včetně provize"", `ID zakázky:` = ""775011"", `Aktualizace:` = ""06.08.2021"", `Stavba:` = ""Smíšená"", `Stav objektu:` = ""Velmi dobrý"", `Vlastnictví:` = ""Osobní"", 
    `Umístění objektu:` = ""Klidná část obce"", `Podlaží:` = ""1. podlaží z celkem 2"", `Užitná plocha:` = ""103 m2"", `Plocha podlahová:` = ""103 m2""), list(`Celková cena:` = ""3 500 000 Kč za nemovitost, včetně provize"", `Poznámka k ceně:` = ""V případě více zájemců může RK využít pro výběr kupujícího formu aukce."", `ID zakázky:` = ""773020"", `Aktualizace:` = ""Včera"", `Stavba:` = ""Cihlová"", `Stav objektu:` = ""Velmi dobrý"", `Vlastnictví:` = ""Osobní"", `Umístění objektu:` = ""Okraj obce"", 
    `Podlaží:` = ""1. podlaží z celkem 5 včetně 1 podzemního"", `Užitná plocha:` = ""80 m2"", `Plocha podlahová:` = ""38 m2"", `Plocha zahrady:` = ""38 m2""), list(`Celková cena:` = ""5 950 000 Kč za nemovitost, včetně provize, bez poplatků, bez DPH, včetně právního servisu"", `Aktualizace:` = ""06.08.2021"", `ID:` = ""966175580"", `Stavba:` = ""Cihlová"", `Stav objektu:` = ""Velmi dobrý"", `Vlastnictví:` = ""Osobní"", `Převod do OV:` = ""Ano"", `Umístění objektu:` = ""Klidná část obce"", `Podlaží:` = ""3. podlaží z celkem 4"", 
    `Užitná plocha:` = ""66 m2"", `Terasa:` = """", `Sklep:` = """", `Parkování:` = ""1"", `Datum nastěhování:` = ""01.09.2021""), list(`Celková cena:` = ""8 700 000 Kč za nemovitost, včetně provize, včetně DPH, včetně právního servisu"", `Poznámka k ceně:` = ""vč. DPH, neplatíte provizi!"", `ID zakázky:` = ""VDV_101"", `Aktualizace:` = ""Dnes"", `Stavba:` = ""Smíšená"", `Stav objektu:` = ""Novostavba"", `Vlastnictví:` = ""Osobní"", `Umístění objektu:` = ""Klidná část obce"", `Podlaží:` = ""1. podlaží z celkem 3 včetně 1 podzemního"", 
    `Užitná plocha:` = ""84 m2"", `Plocha podlahová:` = ""80 m2""), list(`Celková cena:` = ""5 100 000 Kč za nemovitost"", `Poznámka k ceně:` = ""+1% provize"", `ID zakázky:` = ""RS307423"", `Aktualizace:` = ""04.08.2021"", `Stavba:` = ""Cihlová"", `Stav objektu:` = ""Velmi dobrý"", `Vlastnictví:` = ""Osobní""), list(`Celková cena:` = ""7 210 000 Kč za nemovitost"", `ID zakázky:` = ""10947"", `Aktualizace:` = ""02.08.2021"", `Stavba:` = ""Cihlová"", `Stav objektu:` = ""Velmi dobrý"", `Vlastnictví:` = ""Osobní""))"
Prodej bytu 3+kk 63 m²,https://www.sreality.cz/detail/prodej/byt/3+kk/hyskov-hyskov-u-statku/4283476828,4283476828,"ustecky-kraj,karlovarsky-kraj,stredocesky-kraj",4800000,sale,CZK,B,Velmi úsporná,"Nedaleko Berouna, v obci Hýskov je v roce 2018 dokončená výstavba nových bytů. V 1. patře objektu naleznete mezonetový byt 3+kk, 63 m2 s vlastní terasou přes 9 m2, vlastním sklepem na patře a vlastním parkovacím stáním u domu. V bytě dvě toalety, na patře koupelna s vanou a WC, šatní prostor, ložnice. V obývací části naleznete novou kuchyňskou linku se spotřebiči, jako jsou kombinovaná lednice, el. varná deska, el. trouba, digestoř. Na tomto podlaží taky samostatná ložnice s vestavěnou šatní skříní. Na oknech žaluzie a ze strany vstupu taky venkovní žaluzie. Na podlaze plovoucí podlaha. Dřevěné schodiště vedoucí do patra bytu. Vytápění a teplá voda jsou řešené vlastním plynovým kotlem, regulovaným termostatem v obývací části. Výhled z terasy je orientovaný do údolí na řeku Berounku, která obcí protéká. V případě více zájemců o nemovitost, si majitel vyhrazuje právo prodat nemovitost zájemci s nejvyšší nabídkou. Více informací u realitního makléře.",Daniel Pecho,/adresar/fincentrum-reality-praha-smichov/10762/makleri/66023,Fincentrum Reality,http://www.fincentrumreality.com,"list(list(`Celková cena:` = ""2 822 000 Kč za nemovitost, včetně provize, včetně DPH, včetně právního servisu"", `Aktualizace:` = ""05.08.2021"", `ID:` = ""4218858332"", `Stavba:` = ""Cihlová"", `Stav objektu:` = ""Novostavba"", `Vlastnictví:` = ""Osobní""), list(`Celková cena:` = ""7 500 000 Kč za nemovitost, + provize RK"", `Náklady na bydlení:` = ""platby SVJ: 2400, elektřina: 1200, plyn: 700"", `ID zakázky:` = ""16482"", `Aktualizace:` = ""07.08.2021"", `Stavba:` = ""Smíšená"", `Stav objektu:` = ""Velmi dobrý"", 
    `Vlastnictví:` = ""Osobní"", `Podlaží:` = ""1. podlaží z celkem 2"", `Užitná plocha:` = ""94 m2"", `Plocha podlahová:` = ""82 m2"", `Terasa:` = ""12 m2"", `Parkování:` = """"), list(`Celková cena:` = ""4 800 000 Kč za nemovitost, včetně provize (k jednání)"", `Poznámka k ceně:` = ""včetně provize pro RK"", `ID zakázky:` = ""17357"", `Aktualizace:` = ""07.08.2021"", `Stavba:` = ""Cihlová"", `Stav objektu:` = ""Novostavba"", `Vlastnictví:` = ""Osobní"", `Podlaží:` = ""2. podlaží z celkem 3"", 
    `Užitná plocha:` = ""63 m2"", `Plocha podlahová:` = ""63 m2"", `Terasa:` = ""9 m2"", `Sklep:` = """", `Parkování:` = """"), list(`Celková cena:` = ""11 900 000 Kč za nemovitost, včetně provize"", `Poznámka k ceně:` = ""Kupující neplatí provizi RK, cena je vč. provize RK a právního servisu."", `Náklady na bydlení:` = ""Poplatky ve výši 5.336,- Kč, plus stávající záloha elektřiny 1.740,- Kč, vše pro 3 osoby."", `ID zakázky:` = ""0205-NP07220"", `Aktualizace:` = ""06.08.2021"", `Stavba:` = ""Cihlová"", 
    `Stav objektu:` = ""Novostavba"", `Vlastnictví:` = ""Osobní"", `Umístění objektu:` = ""Klidná část obce"", `Podlaží:` = ""5. podlaží z celkem 5 včetně 1 podzemního"", `Užitná plocha:` = ""131 m2"", `Plocha podlahová:` = ""101 m2"", `Terasa:` = ""29 m2"", `Sklep:` = ""3 m2"", `Parkování:` = ""1""), list(`Celková cena:` = ""7 600 000 Kč za nemovitost, včetně provize"", `ID zakázky:` = ""775011"", `Aktualizace:` = ""06.08.2021"", `Stavba:` = ""Smíšená"", `Stav objektu:` = ""Velmi dobrý"", `Vlastnictví:` = ""Osobní"", 
    `Umístění objektu:` = ""Klidná část obce"", `Podlaží:` = ""1. podlaží z celkem 2"", `Užitná plocha:` = ""103 m2"", `Plocha podlahová:` = ""103 m2""), list(`Celková cena:` = ""3 500 000 Kč za nemovitost, včetně provize"", `Poznámka k ceně:` = ""V případě více zájemců může RK využít pro výběr kupujícího formu aukce."", `ID zakázky:` = ""773020"", `Aktualizace:` = ""Včera"", `Stavba:` = ""Cihlová"", `Stav objektu:` = ""Velmi dobrý"", `Vlastnictví:` = ""Osobní"", `Umístění objektu:` = ""Okraj obce"", 
    `Podlaží:` = ""1. podlaží z celkem 5 včetně 1 podzemního"", `Užitná plocha:` = ""80 m2"", `Plocha podlahová:` = ""38 m2"", `Plocha zahrady:` = ""38 m2""), list(`Celková cena:` = ""5 950 000 Kč za nemovitost, včetně provize, bez poplatků, bez DPH, včetně právního servisu"", `Aktualizace:` = ""06.08.2021"", `ID:` = ""966175580"", `Stavba:` = ""Cihlová"", `Stav objektu:` = ""Velmi dobrý"", `Vlastnictví:` = ""Osobní"", `Převod do OV:` = ""Ano"", `Umístění objektu:` = ""Klidná část obce"", `Podlaží:` = ""3. podlaží z celkem 4"", 
    `Užitná plocha:` = ""66 m2"", `Terasa:` = """", `Sklep:` = """", `Parkování:` = ""1"", `Datum nastěhování:` = ""01.09.2021""), list(`Celková cena:` = ""8 700 000 Kč za nemovitost, včetně provize, včetně DPH, včetně právního servisu"", `Poznámka k ceně:` = ""vč. DPH, neplatíte provizi!"", `ID zakázky:` = ""VDV_101"", `Aktualizace:` = ""Dnes"", `Stavba:` = ""Smíšená"", `Stav objektu:` = ""Novostavba"", `Vlastnictví:` = ""Osobní"", `Umístění objektu:` = ""Klidná část obce"", `Podlaží:` = ""1. podlaží z celkem 3 včetně 1 podzemního"", 
    `Užitná plocha:` = ""84 m2"", `Plocha podlahová:` = ""80 m2""), list(`Celková cena:` = ""5 100 000 Kč za nemovitost"", `Poznámka k ceně:` = ""+1% provize"", `ID zakázky:` = ""RS307423"", `Aktualizace:` = ""04.08.2021"", `Stavba:` = ""Cihlová"", `Stav objektu:` = ""Velmi dobrý"", `Vlastnictví:` = ""Osobní""), list(`Celková cena:` = ""7 210 000 Kč za nemovitost"", `ID zakázky:` = ""10947"", `Aktualizace:` = ""02.08.2021"", `Stavba:` = ""Cihlová"", `Stav objektu:` = ""Velmi dobrý"", `Vlastnictví:` = ""Osobní""))"
Prodej bytu 4+kk 131 m²,https://www.sreality.cz/detail/prodej/byt/4+kk/hostivice-hostivice-zitna/2773265244,2773265244,"ustecky-kraj,karlovarsky-kraj,stredocesky-kraj",11900000,sale,CZK,B,Velmi úsporná,"Exkluzivní prodej luxusního, nadstandardně zařízeného, skvěle dispozičně řešeného, slunného a světlého, západně orientovaného bytu 4+kk v OV, s designovými prvky a speciálním systémem osvětlení, o celkové obytné ploše 101,53 m2, plus slunná terasa 29,54 m2 s volným výhledem do okolí, se 2 parkovacími místy – vnitřním se sklepní kójí a venkovním před domem, a dostatkem úložného prostoru, který se nachází v 5. NP z 5.NP novostavby cihlového domu z roku 2011 s výtahem, v žádané příměstské lokalitě obytného komplexu Hostivice Jih, východně od obce Chýně, Praha – západ, ul. Žitná.  Byt má prostorný obývací pokoj 38,23 m2 s kompletně vybavenou a zařízenou kuchyní s vestavěnými spotřebiči – horkovzdušná trouba a mikrovlnná trouba zn. Gaggenau, myčka, digestoř, lednice a sklokeramická varná deska zn. Siemens, s francouzskými okny a vstupem na terasu a zvlášť do ložnice rodičů 14,84 m2. Dále chodbu 11,07 m2, dva samostatné neprůchozí dětské pokoje 14,15 m2 a 14,20 m2, koupelnu 8 m2 s vanou, umyvadlem a prostorem pro pračku a sušičku, a samostatné WC.  Byt má 4 klimatizační jednotky zn. Mitsubishi Electric, vestavěné skříně, plastová okna se stínícími žaluziemi, speciální štukovou výzdobu stěn, nadstandardní tapety, obklady, dlažby a plovoucí podlahy, a je zařízený dřevěným nábytkem.  U bytového komplexu je autobusová zastávka s vynikajícím spojením pouhých 6 minut na metro B Zličín a k velmi oblíbenému NC Metropole Zličín s obchody, restauracemi a kinem. V samotném komplexu bude obchod s potravinami, kavárna a oblast parku. V okolí se nachází dětské hřiště, v sousedství pak restaurace Pivovarský dvůr, cyklostezky a vodní soustava Hostivické rybníky.  Byt je ideální pro vícečlennou rodinu nebo více generační bydlení, ale také vynikající investiční příležitostí k dlouhodobému pronájmu. V ceně je zahrnuto příslušenství obsahující 2x parkovací stání, kóji a nadstandardy bytu jako kuchyně, vestavěný nábytek, klimatizace, osvětlení a ostatní zařízení v celkové hodnotě 1.500.000,- Kč.",Petr Veselý,/adresar/re-max-alfa-praha-nove-mesto/8152/makleri/36670,RE/MAX Alfa,https://www.remaxalfa.cz/?utm_source=firmy.cz&utm_medium=organic&utm_campaign=firmy.cz_praha-1,"list(list(`Celková cena:` = ""2 822 000 Kč za nemovitost, včetně provize, včetně DPH, včetně právního servisu"", `Aktualizace:` = ""05.08.2021"", `ID:` = ""4218858332"", `Stavba:` = ""Cihlová"", `Stav objektu:` = ""Novostavba"", `Vlastnictví:` = ""Osobní""), list(`Celková cena:` = ""7 500 000 Kč za nemovitost, + provize RK"", `Náklady na bydlení:` = ""platby SVJ: 2400, elektřina: 1200, plyn: 700"", `ID zakázky:` = ""16482"", `Aktualizace:` = ""07.08.2021"", `Stavba:` = ""Smíšená"", `Stav objektu:` = ""Velmi dobrý"", 
    `Vlastnictví:` = ""Osobní"", `Podlaží:` = ""1. podlaží z celkem 2"", `Užitná plocha:` = ""94 m2"", `Plocha podlahová:` = ""82 m2"", `Terasa:` = ""12 m2"", `Parkování:` = """"), list(`Celková cena:` = ""4 800 000 Kč za nemovitost, včetně provize (k jednání)"", `Poznámka k ceně:` = ""včetně provize pro RK"", `ID zakázky:` = ""17357"", `Aktualizace:` = ""07.08.2021"", `Stavba:` = ""Cihlová"", `Stav objektu:` = ""Novostavba"", `Vlastnictví:` = ""Osobní"", `Podlaží:` = ""2. podlaží z celkem 3"", 
    `Užitná plocha:` = ""63 m2"", `Plocha podlahová:` = ""63 m2"", `Terasa:` = ""9 m2"", `Sklep:` = """", `Parkování:` = """"), list(`Celková cena:` = ""11 900 000 Kč za nemovitost, včetně provize"", `Poznámka k ceně:` = ""Kupující neplatí provizi RK, cena je vč. provize RK a právního servisu."", `Náklady na bydlení:` = ""Poplatky ve výši 5.336,- Kč, plus stávající záloha elektřiny 1.740,- Kč, vše pro 3 osoby."", `ID zakázky:` = ""0205-NP07220"", `Aktualizace:` = ""06.08.2021"", `Stavba:` = ""Cihlová"", 
    `Stav objektu:` = ""Novostavba"", `Vlastnictví:` = ""Osobní"", `Umístění objektu:` = ""Klidná část obce"", `Podlaží:` = ""5. podlaží z celkem 5 včetně 1 podzemního"", `Užitná plocha:` = ""131 m2"", `Plocha podlahová:` = ""101 m2"", `Terasa:` = ""29 m2"", `Sklep:` = ""3 m2"", `Parkování:` = ""1""), list(`Celková cena:` = ""7 600 000 Kč za nemovitost, včetně provize"", `ID zakázky:` = ""775011"", `Aktualizace:` = ""06.08.2021"", `Stavba:` = ""Smíšená"", `Stav objektu:` = ""Velmi dobrý"", `Vlastnictví:` = ""Osobní"", 
    `Umístění objektu:` = ""Klidná část obce"", `Podlaží:` = ""1. podlaží z celkem 2"", `Užitná plocha:` = ""103 m2"", `Plocha podlahová:` = ""103 m2""), list(`Celková cena:` = ""3 500 000 Kč za nemovitost, včetně provize"", `Poznámka k ceně:` = ""V případě více zájemců může RK využít pro výběr kupujícího formu aukce."", `ID zakázky:` = ""773020"", `Aktualizace:` = ""Včera"", `Stavba:` = ""Cihlová"", `Stav objektu:` = ""Velmi dobrý"", `Vlastnictví:` = ""Osobní"", `Umístění objektu:` = ""Okraj obce"", 
    `Podlaží:` = ""1. podlaží z celkem 5 včetně 1 podzemního"", `Užitná plocha:` = ""80 m2"", `Plocha podlahová:` = ""38 m2"", `Plocha zahrady:` = ""38 m2""), list(`Celková cena:` = ""5 950 000 Kč za nemovitost, včetně provize, bez poplatků, bez DPH, včetně právního servisu"", `Aktualizace:` = ""06.08.2021"", `ID:` = ""966175580"", `Stavba:` = ""Cihlová"", `Stav objektu:` = ""Velmi dobrý"", `Vlastnictví:` = ""Osobní"", `Převod do OV:` = ""Ano"", `Umístění objektu:` = ""Klidná část obce"", `Podlaží:` = ""3. podlaží z celkem 4"", 
    `Užitná plocha:` = ""66 m2"", `Terasa:` = """", `Sklep:` = """", `Parkování:` = ""1"", `Datum nastěhování:` = ""01.09.2021""), list(`Celková cena:` = ""8 700 000 Kč za nemovitost, včetně provize, včetně DPH, včetně právního servisu"", `Poznámka k ceně:` = ""vč. DPH, neplatíte provizi!"", `ID zakázky:` = ""VDV_101"", `Aktualizace:` = ""Dnes"", `Stavba:` = ""Smíšená"", `Stav objektu:` = ""Novostavba"", `Vlastnictví:` = ""Osobní"", `Umístění objektu:` = ""Klidná část obce"", `Podlaží:` = ""1. podlaží z celkem 3 včetně 1 podzemního"", 
    `Užitná plocha:` = ""84 m2"", `Plocha podlahová:` = ""80 m2""), list(`Celková cena:` = ""5 100 000 Kč za nemovitost"", `Poznámka k ceně:` = ""+1% provize"", `ID zakázky:` = ""RS307423"", `Aktualizace:` = ""04.08.2021"", `Stavba:` = ""Cihlová"", `Stav objektu:` = ""Velmi dobrý"", `Vlastnictví:` = ""Osobní""), list(`Celková cena:` = ""7 210 000 Kč za nemovitost"", `ID zakázky:` = ""10947"", `Aktualizace:` = ""02.08.2021"", `Stavba:` = ""Cihlová"", `Stav objektu:` = ""Velmi dobrý"", `Vlastnictví:` = ""Osobní""))"
Prodej bytu 4+kk 103 m²,https://www.sreality.cz/detail/prodej/byt/4+kk/brezany-ii-brezany-ii-/2786827100,2786827100,"ustecky-kraj,karlovarsky-kraj,stredocesky-kraj",7600000,sale,CZK,G,Mimořádně nehospodárná,"Exkluzivně nabízíme světlý mezonetový byt s prostornou terasou v klidné obci Břežany II. Byt se nachází v prvním patře novostavby. Dispozičně je řešen jako 4+kk. Z předsíně je vstup do prostorné kuchyně s obývacím pokojem, dále zde najdeme první ložnici, vedle je hned k dispozici menší koupelna se sprchovým koutem a toaletou. V dalším patře je dětský pokoj a ložnice, k té je i šatna a další koupelna, tentokrát s vanou. Je zde vstup na terasu, kde si můžete v klidu užít odpolední kávu, či pěstovat rajčata. K bytu náleží komora na chodbě a jedno parkovací stání přímo před domem. Měsíční poplatky jsou velmi nízké 3.100,- Kč pro 3 osoby. Pár kroků od bytu najdeme potraviny, restauraci, obecní úřad i mateřskou školku. Autobusová zastávka přímo u domu. Obec Břežany II se nachází 6 km od Českého Brodu. Byt lze financovat hypotečním úvěrem. ",Toneva Ludmila,/adresar/mm-reality-praha-nove-mesto/1019/makleri/121954,M&M reality,http://www.mmreality.cz,"list(list(`Celková cena:` = ""2 822 000 Kč za nemovitost, včetně provize, včetně DPH, včetně právního servisu"", `Aktualizace:` = ""05.08.2021"", `ID:` = ""4218858332"", `Stavba:` = ""Cihlová"", `Stav objektu:` = ""Novostavba"", `Vlastnictví:` = ""Osobní""), list(`Celková cena:` = ""7 500 000 Kč za nemovitost, + provize RK"", `Náklady na bydlení:` = ""platby SVJ: 2400, elektřina: 1200, plyn: 700"", `ID zakázky:` = ""16482"", `Aktualizace:` = ""07.08.2021"", `Stavba:` = ""Smíšená"", `Stav objektu:` = ""Velmi dobrý"", 
    `Vlastnictví:` = ""Osobní"", `Podlaží:` = ""1. podlaží z celkem 2"", `Užitná plocha:` = ""94 m2"", `Plocha podlahová:` = ""82 m2"", `Terasa:` = ""12 m2"", `Parkování:` = """"), list(`Celková cena:` = ""4 800 000 Kč za nemovitost, včetně provize (k jednání)"", `Poznámka k ceně:` = ""včetně provize pro RK"", `ID zakázky:` = ""17357"", `Aktualizace:` = ""07.08.2021"", `Stavba:` = ""Cihlová"", `Stav objektu:` = ""Novostavba"", `Vlastnictví:` = ""Osobní"", `Podlaží:` = ""2. podlaží z celkem 3"", 
    `Užitná plocha:` = ""63 m2"", `Plocha podlahová:` = ""63 m2"", `Terasa:` = ""9 m2"", `Sklep:` = """", `Parkování:` = """"), list(`Celková cena:` = ""11 900 000 Kč za nemovitost, včetně provize"", `Poznámka k ceně:` = ""Kupující neplatí provizi RK, cena je vč. provize RK a právního servisu."", `Náklady na bydlení:` = ""Poplatky ve výši 5.336,- Kč, plus stávající záloha elektřiny 1.740,- Kč, vše pro 3 osoby."", `ID zakázky:` = ""0205-NP07220"", `Aktualizace:` = ""06.08.2021"", `Stavba:` = ""Cihlová"", 
    `Stav objektu:` = ""Novostavba"", `Vlastnictví:` = ""Osobní"", `Umístění objektu:` = ""Klidná část obce"", `Podlaží:` = ""5. podlaží z celkem 5 včetně 1 podzemního"", `Užitná plocha:` = ""131 m2"", `Plocha podlahová:` = ""101 m2"", `Terasa:` = ""29 m2"", `Sklep:` = ""3 m2"", `Parkování:` = ""1""), list(`Celková cena:` = ""7 600 000 Kč za nemovitost, včetně provize"", `ID zakázky:` = ""775011"", `Aktualizace:` = ""06.08.2021"", `Stavba:` = ""Smíšená"", `Stav objektu:` = ""Velmi dobrý"", `Vlastnictví:` = ""Osobní"", 
    `Umístění objektu:` = ""Klidná část obce"", `Podlaží:` = ""1. podlaží z celkem 2"", `Užitná plocha:` = ""103 m2"", `Plocha podlahová:` = ""103 m2""), list(`Celková cena:` = ""3 500 000 Kč za nemovitost, včetně provize"", `Poznámka k ceně:` = ""V případě více zájemců může RK využít pro výběr kupujícího formu aukce."", `ID zakázky:` = ""773020"", `Aktualizace:` = ""Včera"", `Stavba:` = ""Cihlová"", `Stav objektu:` = ""Velmi dobrý"", `Vlastnictví:` = ""Osobní"", `Umístění objektu:` = ""Okraj obce"", 
    `Podlaží:` = ""1. podlaží z celkem 5 včetně 1 podzemního"", `Užitná plocha:` = ""80 m2"", `Plocha podlahová:` = ""38 m2"", `Plocha zahrady:` = ""38 m2""), list(`Celková cena:` = ""5 950 000 Kč za nemovitost, včetně provize, bez poplatků, bez DPH, včetně právního servisu"", `Aktualizace:` = ""06.08.2021"", `ID:` = ""966175580"", `Stavba:` = ""Cihlová"", `Stav objektu:` = ""Velmi dobrý"", `Vlastnictví:` = ""Osobní"", `Převod do OV:` = ""Ano"", `Umístění objektu:` = ""Klidná část obce"", `Podlaží:` = ""3. podlaží z celkem 4"", 
    `Užitná plocha:` = ""66 m2"", `Terasa:` = """", `Sklep:` = """", `Parkování:` = ""1"", `Datum nastěhování:` = ""01.09.2021""), list(`Celková cena:` = ""8 700 000 Kč za nemovitost, včetně provize, včetně DPH, včetně právního servisu"", `Poznámka k ceně:` = ""vč. DPH, neplatíte provizi!"", `ID zakázky:` = ""VDV_101"", `Aktualizace:` = ""Dnes"", `Stavba:` = ""Smíšená"", `Stav objektu:` = ""Novostavba"", `Vlastnictví:` = ""Osobní"", `Umístění objektu:` = ""Klidná část obce"", `Podlaží:` = ""1. podlaží z celkem 3 včetně 1 podzemního"", 
    `Užitná plocha:` = ""84 m2"", `Plocha podlahová:` = ""80 m2""), list(`Celková cena:` = ""5 100 000 Kč za nemovitost"", `Poznámka k ceně:` = ""+1% provize"", `ID zakázky:` = ""RS307423"", `Aktualizace:` = ""04.08.2021"", `Stavba:` = ""Cihlová"", `Stav objektu:` = ""Velmi dobrý"", `Vlastnictví:` = ""Osobní""), list(`Celková cena:` = ""7 210 000 Kč za nemovitost"", `ID zakázky:` = ""10947"", `Aktualizace:` = ""02.08.2021"", `Stavba:` = ""Cihlová"", `Stav objektu:` = ""Velmi dobrý"", `Vlastnictví:` = ""Osobní""))"
Prodej bytu 1+kk 80 m²,https://www.sreality.cz/detail/prodej/byt/1+kk/roztoky-roztoky-premyslovska/528853852,528853852,"ustecky-kraj,karlovarsky-kraj,stredocesky-kraj",3500000,sale,CZK,B,Velmi úsporná,"Prodej bytu 1+kk 38m2 se zahrádkou 38m2 a parkovacím stáním v Roztokách u Prahy, na okraji obce. Nachází se v 1. NP (přízemí) bytového domu, nové zástavbě (2008), historicky významném katastrálním území Žalov. Je vybaven kuchyňskou linkou s elektrickým sporákem, koupelnou, odděleným WC, ústředním topením, el. 400/230V.  Ohřev teplé vody, včetně vytápění je zajišťován centrálním plynovým kotlem pro celý dům a přes výměník do rozvodů v bytu. Okna a balkónové dveře jsou opatřeny venkovními žaluziemi. K bytu náleží přilehlá zahrádka, plnící funkci terasy, jedno venkovní parkovací stání a dvě sklepní kóje po dvou metrech čtverečních. Prohlídky jsou stanoveny na pátek, 13.8.2021 od 15:00 do 19:00hod. Přesný čas prohlídky je třeba si sjednat s realitním makléřem.   ",Kantor Miroslav,/adresar/mm-reality-praha-nove-mesto/1019/makleri/117686,M&M reality,http://www.mmreality.cz,"list(list(`Celková cena:` = ""2 822 000 Kč za nemovitost, včetně provize, včetně DPH, včetně právního servisu"", `Aktualizace:` = ""05.08.2021"", `ID:` = ""4218858332"", `Stavba:` = ""Cihlová"", `Stav objektu:` = ""Novostavba"", `Vlastnictví:` = ""Osobní""), list(`Celková cena:` = ""7 500 000 Kč za nemovitost, + provize RK"", `Náklady na bydlení:` = ""platby SVJ: 2400, elektřina: 1200, plyn: 700"", `ID zakázky:` = ""16482"", `Aktualizace:` = ""07.08.2021"", `Stavba:` = ""Smíšená"", `Stav objektu:` = ""Velmi dobrý"", 
    `Vlastnictví:` = ""Osobní"", `Podlaží:` = ""1. podlaží z celkem 2"", `Užitná plocha:` = ""94 m2"", `Plocha podlahová:` = ""82 m2"", `Terasa:` = ""12 m2"", `Parkování:` = """"), list(`Celková cena:` = ""4 800 000 Kč za nemovitost, včetně provize (k jednání)"", `Poznámka k ceně:` = ""včetně provize pro RK"", `ID zakázky:` = ""17357"", `Aktualizace:` = ""07.08.2021"", `Stavba:` = ""Cihlová"", `Stav objektu:` = ""Novostavba"", `Vlastnictví:` = ""Osobní"", `Podlaží:` = ""2. podlaží z celkem 3"", 
    `Užitná plocha:` = ""63 m2"", `Plocha podlahová:` = ""63 m2"", `Terasa:` = ""9 m2"", `Sklep:` = """", `Parkování:` = """"), list(`Celková cena:` = ""11 900 000 Kč za nemovitost, včetně provize"", `Poznámka k ceně:` = ""Kupující neplatí provizi RK, cena je vč. provize RK a právního servisu."", `Náklady na bydlení:` = ""Poplatky ve výši 5.336,- Kč, plus stávající záloha elektřiny 1.740,- Kč, vše pro 3 osoby."", `ID zakázky:` = ""0205-NP07220"", `Aktualizace:` = ""06.08.2021"", `Stavba:` = ""Cihlová"", 
    `Stav objektu:` = ""Novostavba"", `Vlastnictví:` = ""Osobní"", `Umístění objektu:` = ""Klidná část obce"", `Podlaží:` = ""5. podlaží z celkem 5 včetně 1 podzemního"", `Užitná plocha:` = ""131 m2"", `Plocha podlahová:` = ""101 m2"", `Terasa:` = ""29 m2"", `Sklep:` = ""3 m2"", `Parkování:` = ""1""), list(`Celková cena:` = ""7 600 000 Kč za nemovitost, včetně provize"", `ID zakázky:` = ""775011"", `Aktualizace:` = ""06.08.2021"", `Stavba:` = ""Smíšená"", `Stav objektu:` = ""Velmi dobrý"", `Vlastnictví:` = ""Osobní"", 
    `Umístění objektu:` = ""Klidná část obce"", `Podlaží:` = ""1. podlaží z celkem 2"", `Užitná plocha:` = ""103 m2"", `Plocha podlahová:` = ""103 m2""), list(`Celková cena:` = ""3 500 000 Kč za nemovitost, včetně provize"", `Poznámka k ceně:` = ""V případě více zájemců může RK využít pro výběr kupujícího formu aukce."", `ID zakázky:` = ""773020"", `Aktualizace:` = ""Včera"", `Stavba:` = ""Cihlová"", `Stav objektu:` = ""Velmi dobrý"", `Vlastnictví:` = ""Osobní"", `Umístění objektu:` = ""Okraj obce"", 
    `Podlaží:` = ""1. podlaží z celkem 5 včetně 1 podzemního"", `Užitná plocha:` = ""80 m2"", `Plocha podlahová:` = ""38 m2"", `Plocha zahrady:` = ""38 m2""), list(`Celková cena:` = ""5 950 000 Kč za nemovitost, včetně provize, bez poplatků, bez DPH, včetně právního servisu"", `Aktualizace:` = ""06.08.2021"", `ID:` = ""966175580"", `Stavba:` = ""Cihlová"", `Stav objektu:` = ""Velmi dobrý"", `Vlastnictví:` = ""Osobní"", `Převod do OV:` = ""Ano"", `Umístění objektu:` = ""Klidná část obce"", `Podlaží:` = ""3. podlaží z celkem 4"", 
    `Užitná plocha:` = ""66 m2"", `Terasa:` = """", `Sklep:` = """", `Parkování:` = ""1"", `Datum nastěhování:` = ""01.09.2021""), list(`Celková cena:` = ""8 700 000 Kč za nemovitost, včetně provize, včetně DPH, včetně právního servisu"", `Poznámka k ceně:` = ""vč. DPH, neplatíte provizi!"", `ID zakázky:` = ""VDV_101"", `Aktualizace:` = ""Dnes"", `Stavba:` = ""Smíšená"", `Stav objektu:` = ""Novostavba"", `Vlastnictví:` = ""Osobní"", `Umístění objektu:` = ""Klidná část obce"", `Podlaží:` = ""1. podlaží z celkem 3 včetně 1 podzemního"", 
    `Užitná plocha:` = ""84 m2"", `Plocha podlahová:` = ""80 m2""), list(`Celková cena:` = ""5 100 000 Kč za nemovitost"", `Poznámka k ceně:` = ""+1% provize"", `ID zakázky:` = ""RS307423"", `Aktualizace:` = ""04.08.2021"", `Stavba:` = ""Cihlová"", `Stav objektu:` = ""Velmi dobrý"", `Vlastnictví:` = ""Osobní""), list(`Celková cena:` = ""7 210 000 Kč za nemovitost"", `ID zakázky:` = ""10947"", `Aktualizace:` = ""02.08.2021"", `Stavba:` = ""Cihlová"", `Stav objektu:` = ""Velmi dobrý"", `Vlastnictví:` = ""Osobní""))"
Prodej bytu 2+kk 66 m²,https://www.sreality.cz/detail/prodej/byt/2+kk/podebrady-podebrady-v-machova/966175580,966175580,"ustecky-kraj,karlovarsky-kraj,stredocesky-kraj",5950000,sale,CZK,C,Úsporná,"Dovoluji si vám nabídnout prodej exkluzivního, nového bytu 2 kk o velikosti 66 m2, terasa 3.85m2, + sklep 5.23m2, vnitřní garážové stání a s moderním bytovým vybavením.Byt se skládá ze vstupního zádveří, 5.86m2, šatny 3.78m2, koupelny + WC 5.18m2, obývacího pokoje s kuchyňským koutem 29,91m2, ložnice 17.08m2.Byt se nachází ve 3.patře nového bytového domu s výtahem, Máchova ulice č.p. 122 Poděbrady.Byt je koncipovaný bytovou architektkou, je světlý, vzdušný, zajišťuje příjemné a pohodové bydlení. Nachází se v klidné části, blízko poděbradské, lázeňské kolonády. Poděbrady jsou velmi atraktivní lázeňské město uprostřed krásné přírody, které vám zajišťuje bydlení na vysoké životní úrovni, je to město klidu, pohody, bezpečí s nadstandardními službami, bohatým kulturním a sportovním vyžitím, provázeno Českou historií, ano takové jsou Poděbrady.",Jitka Kolarova,NA,NA,NA,"list(list(`Celková cena:` = ""2 822 000 Kč za nemovitost, včetně provize, včetně DPH, včetně právního servisu"", `Aktualizace:` = ""05.08.2021"", `ID:` = ""4218858332"", `Stavba:` = ""Cihlová"", `Stav objektu:` = ""Novostavba"", `Vlastnictví:` = ""Osobní""), list(`Celková cena:` = ""7 500 000 Kč za nemovitost, + provize RK"", `Náklady na bydlení:` = ""platby SVJ: 2400, elektřina: 1200, plyn: 700"", `ID zakázky:` = ""16482"", `Aktualizace:` = ""07.08.2021"", `Stavba:` = ""Smíšená"", `Stav objektu:` = ""Velmi dobrý"", 
    `Vlastnictví:` = ""Osobní"", `Podlaží:` = ""1. podlaží z celkem 2"", `Užitná plocha:` = ""94 m2"", `Plocha podlahová:` = ""82 m2"", `Terasa:` = ""12 m2"", `Parkování:` = """"), list(`Celková cena:` = ""4 800 000 Kč za nemovitost, včetně provize (k jednání)"", `Poznámka k ceně:` = ""včetně provize pro RK"", `ID zakázky:` = ""17357"", `Aktualizace:` = ""07.08.2021"", `Stavba:` = ""Cihlová"", `Stav objektu:` = ""Novostavba"", `Vlastnictví:` = ""Osobní"", `Podlaží:` = ""2. podlaží z celkem 3"", 
    `Užitná plocha:` = ""63 m2"", `Plocha podlahová:` = ""63 m2"", `Terasa:` = ""9 m2"", `Sklep:` = """", `Parkování:` = """"), list(`Celková cena:` = ""11 900 000 Kč za nemovitost, včetně provize"", `Poznámka k ceně:` = ""Kupující neplatí provizi RK, cena je vč. provize RK a právního servisu."", `Náklady na bydlení:` = ""Poplatky ve výši 5.336,- Kč, plus stávající záloha elektřiny 1.740,- Kč, vše pro 3 osoby."", `ID zakázky:` = ""0205-NP07220"", `Aktualizace:` = ""06.08.2021"", `Stavba:` = ""Cihlová"", 
    `Stav objektu:` = ""Novostavba"", `Vlastnictví:` = ""Osobní"", `Umístění objektu:` = ""Klidná část obce"", `Podlaží:` = ""5. podlaží z celkem 5 včetně 1 podzemního"", `Užitná plocha:` = ""131 m2"", `Plocha podlahová:` = ""101 m2"", `Terasa:` = ""29 m2"", `Sklep:` = ""3 m2"", `Parkování:` = ""1""), list(`Celková cena:` = ""7 600 000 Kč za nemovitost, včetně provize"", `ID zakázky:` = ""775011"", `Aktualizace:` = ""06.08.2021"", `Stavba:` = ""Smíšená"", `Stav objektu:` = ""Velmi dobrý"", `Vlastnictví:` = ""Osobní"", 
    `Umístění objektu:` = ""Klidná část obce"", `Podlaží:` = ""1. podlaží z celkem 2"", `Užitná plocha:` = ""103 m2"", `Plocha podlahová:` = ""103 m2""), list(`Celková cena:` = ""3 500 000 Kč za nemovitost, včetně provize"", `Poznámka k ceně:` = ""V případě více zájemců může RK využít pro výběr kupujícího formu aukce."", `ID zakázky:` = ""773020"", `Aktualizace:` = ""Včera"", `Stavba:` = ""Cihlová"", `Stav objektu:` = ""Velmi dobrý"", `Vlastnictví:` = ""Osobní"", `Umístění objektu:` = ""Okraj obce"", 
    `Podlaží:` = ""1. podlaží z celkem 5 včetně 1 podzemního"", `Užitná plocha:` = ""80 m2"", `Plocha podlahová:` = ""38 m2"", `Plocha zahrady:` = ""38 m2""), list(`Celková cena:` = ""5 950 000 Kč za nemovitost, včetně provize, bez poplatků, bez DPH, včetně právního servisu"", `Aktualizace:` = ""06.08.2021"", `ID:` = ""966175580"", `Stavba:` = ""Cihlová"", `Stav objektu:` = ""Velmi dobrý"", `Vlastnictví:` = ""Osobní"", `Převod do OV:` = ""Ano"", `Umístění objektu:` = ""Klidná část obce"", `Podlaží:` = ""3. podlaží z celkem 4"", 
    `Užitná plocha:` = ""66 m2"", `Terasa:` = """", `Sklep:` = """", `Parkování:` = ""1"", `Datum nastěhování:` = ""01.09.2021""), list(`Celková cena:` = ""8 700 000 Kč za nemovitost, včetně provize, včetně DPH, včetně právního servisu"", `Poznámka k ceně:` = ""vč. DPH, neplatíte provizi!"", `ID zakázky:` = ""VDV_101"", `Aktualizace:` = ""Dnes"", `Stavba:` = ""Smíšená"", `Stav objektu:` = ""Novostavba"", `Vlastnictví:` = ""Osobní"", `Umístění objektu:` = ""Klidná část obce"", `Podlaží:` = ""1. podlaží z celkem 3 včetně 1 podzemního"", 
    `Užitná plocha:` = ""84 m2"", `Plocha podlahová:` = ""80 m2""), list(`Celková cena:` = ""5 100 000 Kč za nemovitost"", `Poznámka k ceně:` = ""+1% provize"", `ID zakázky:` = ""RS307423"", `Aktualizace:` = ""04.08.2021"", `Stavba:` = ""Cihlová"", `Stav objektu:` = ""Velmi dobrý"", `Vlastnictví:` = ""Osobní""), list(`Celková cena:` = ""7 210 000 Kč za nemovitost"", `ID zakázky:` = ""10947"", `Aktualizace:` = ""02.08.2021"", `Stavba:` = ""Cihlová"", `Stav objektu:` = ""Velmi dobrý"", `Vlastnictví:` = ""Osobní""))"
Prodej bytu 4+kk 84 m²,https://www.sreality.cz/detail/prodej/byt/4+kk/horomerice-horomerice-ve-vilkach/125283164,125283164,"ustecky-kraj,karlovarsky-kraj,stredocesky-kraj",8700000,sale,CZK,B,Velmi úsporná,"Krásný byt k prodeji do osobního vlastnictví - 4+kk (84,3 m2) s terasou (15 m2), vlastní zahradou  (145 m2), garáží, parkovacím stáním a skladem. Byt bude stavebně kompletně dokončen ve standardu Elite a připraven k nastěhování na konci druhého kvartálu roku 2022. Rezervujte si již nyní od přímého developera Vaše budoucí bydlení v projektu Viladům Ve Vilkách. Klidné bydlení uprostřed zeleně jen několik minut od centra Prahy Sen o bydlení v lůně přírody jen několik minut od tepajícího srdce hlavního města Prahy si nyní můžete splnit v Horoměřicích, kde připravujeme k prodeji Viladům, obsahující 3 prostorné čtyřpokojové byty. Z bytu v 1.NP - zvýšené přízemí, bude mít majitel přístup také na soukromou oplocenou zahradu.  Vila se nachází v Horoměřicích na prestižní adrese Ve Vilkách 410, uprostřed klidné vilové čtvrti, kde vás ráno probudí zpěv ptáků a večer můžete relaxovat při posezení s přáteli. Horoměřice nabízejí vše, co si dokážete představit pod pojmem dobrá adresa – klidné a tiché prostředí, zajímavé okolí i blízkost hlavního města. V Horoměřicích naleznete kompletní občanskou vybavenost – od široké nabídky obchodů, služeb a restaurací, přes mateřskou a základní školu, až po rozsáhlé možnosti sportovního vyžití. Nechybí ani zdravotní středisko, lékárna, knihovna, pošta a několik autoservisů. Klidné prostředí obce dokreslují tři nevelké rybníky. V Horoměřicích najdete také tenisovou halu, fotbalové hřiště a můžete si zde zahrát i squash nebo bowling. Jedním z důvodů, proč jsou Horoměřice tak oblíbeným místem pro život, je skvělé dopravní spojení autem i veřejnou dopravou do centra Prahy. Autobus vás odveze na stanici metra Bořislavka za pouhých 8 minut a do Dejvic za 15 minut, zatímco autem můžete být v centru Prahy již za 25 minut.",BAK Development,/adresar/bak-development-praha-bubenec/20572/makleri/143530,BAK Development,http://www.bakdevelopment.cz#utm_source=##zdroj##&utm_medium=ppd&utm_content=##typ##&utm_term=##nazev##&utm_campaign=firmy.cz-##id##,"list(list(`Celková cena:` = ""2 822 000 Kč za nemovitost, včetně provize, včetně DPH, včetně právního servisu"", `Aktualizace:` = ""05.08.2021"", `ID:` = ""4218858332"", `Stavba:` = ""Cihlová"", `Stav objektu:` = ""Novostavba"", `Vlastnictví:` = ""Osobní""), list(`Celková cena:` = ""7 500 000 Kč za nemovitost, + provize RK"", `Náklady na bydlení:` = ""platby SVJ: 2400, elektřina: 1200, plyn: 700"", `ID zakázky:` = ""16482"", `Aktualizace:` = ""07.08.2021"", `Stavba:` = ""Smíšená"", `Stav objektu:` = ""Velmi dobrý"", 
    `Vlastnictví:` = ""Osobní"", `Podlaží:` = ""1. podlaží z celkem 2"", `Užitná plocha:` = ""94 m2"", `Plocha podlahová:` = ""82 m2"", `Terasa:` = ""12 m2"", `Parkování:` = """"), list(`Celková cena:` = ""4 800 000 Kč za nemovitost, včetně provize (k jednání)"", `Poznámka k ceně:` = ""včetně provize pro RK"", `ID zakázky:` = ""17357"", `Aktualizace:` = ""07.08.2021"", `Stavba:` = ""Cihlová"", `Stav objektu:` = ""Novostavba"", `Vlastnictví:` = ""Osobní"", `Podlaží:` = ""2. podlaží z celkem 3"", 
    `Užitná plocha:` = ""63 m2"", `Plocha podlahová:` = ""63 m2"", `Terasa:` = ""9 m2"", `Sklep:` = """", `Parkování:` = """"), list(`Celková cena:` = ""11 900 000 Kč za nemovitost, včetně provize"", `Poznámka k ceně:` = ""Kupující neplatí provizi RK, cena je vč. provize RK a právního servisu."", `Náklady na bydlení:` = ""Poplatky ve výši 5.336,- Kč, plus stávající záloha elektřiny 1.740,- Kč, vše pro 3 osoby."", `ID zakázky:` = ""0205-NP07220"", `Aktualizace:` = ""06.08.2021"", `Stavba:` = ""Cihlová"", 
    `Stav objektu:` = ""Novostavba"", `Vlastnictví:` = ""Osobní"", `Umístění objektu:` = ""Klidná část obce"", `Podlaží:` = ""5. podlaží z celkem 5 včetně 1 podzemního"", `Užitná plocha:` = ""131 m2"", `Plocha podlahová:` = ""101 m2"", `Terasa:` = ""29 m2"", `Sklep:` = ""3 m2"", `Parkování:` = ""1""), list(`Celková cena:` = ""7 600 000 Kč za nemovitost, včetně provize"", `ID zakázky:` = ""775011"", `Aktualizace:` = ""06.08.2021"", `Stavba:` = ""Smíšená"", `Stav objektu:` = ""Velmi dobrý"", `Vlastnictví:` = ""Osobní"", 
    `Umístění objektu:` = ""Klidná část obce"", `Podlaží:` = ""1. podlaží z celkem 2"", `Užitná plocha:` = ""103 m2"", `Plocha podlahová:` = ""103 m2""), list(`Celková cena:` = ""3 500 000 Kč za nemovitost, včetně provize"", `Poznámka k ceně:` = ""V případě více zájemců může RK využít pro výběr kupujícího formu aukce."", `ID zakázky:` = ""773020"", `Aktualizace:` = ""Včera"", `Stavba:` = ""Cihlová"", `Stav objektu:` = ""Velmi dobrý"", `Vlastnictví:` = ""Osobní"", `Umístění objektu:` = ""Okraj obce"", 
    `Podlaží:` = ""1. podlaží z celkem 5 včetně 1 podzemního"", `Užitná plocha:` = ""80 m2"", `Plocha podlahová:` = ""38 m2"", `Plocha zahrady:` = ""38 m2""), list(`Celková cena:` = ""5 950 000 Kč za nemovitost, včetně provize, bez poplatků, bez DPH, včetně právního servisu"", `Aktualizace:` = ""06.08.2021"", `ID:` = ""966175580"", `Stavba:` = ""Cihlová"", `Stav objektu:` = ""Velmi dobrý"", `Vlastnictví:` = ""Osobní"", `Převod do OV:` = ""Ano"", `Umístění objektu:` = ""Klidná část obce"", `Podlaží:` = ""3. podlaží z celkem 4"", 
    `Užitná plocha:` = ""66 m2"", `Terasa:` = """", `Sklep:` = """", `Parkování:` = ""1"", `Datum nastěhování:` = ""01.09.2021""), list(`Celková cena:` = ""8 700 000 Kč za nemovitost, včetně provize, včetně DPH, včetně právního servisu"", `Poznámka k ceně:` = ""vč. DPH, neplatíte provizi!"", `ID zakázky:` = ""VDV_101"", `Aktualizace:` = ""Dnes"", `Stavba:` = ""Smíšená"", `Stav objektu:` = ""Novostavba"", `Vlastnictví:` = ""Osobní"", `Umístění objektu:` = ""Klidná část obce"", `Podlaží:` = ""1. podlaží z celkem 3 včetně 1 podzemního"", 
    `Užitná plocha:` = ""84 m2"", `Plocha podlahová:` = ""80 m2""), list(`Celková cena:` = ""5 100 000 Kč za nemovitost"", `Poznámka k ceně:` = ""+1% provize"", `ID zakázky:` = ""RS307423"", `Aktualizace:` = ""04.08.2021"", `Stavba:` = ""Cihlová"", `Stav objektu:` = ""Velmi dobrý"", `Vlastnictví:` = ""Osobní""), list(`Celková cena:` = ""7 210 000 Kč za nemovitost"", `ID zakázky:` = ""10947"", `Aktualizace:` = ""02.08.2021"", `Stavba:` = ""Cihlová"", `Stav objektu:` = ""Velmi dobrý"", `Vlastnictví:` = ""Osobní""))"
Prodej bytu 2+kk 48 m²,https://www.sreality.cz/detail/prodej/byt/2+kk/hostivice-brve-jecna/1930472284,1930472284,"ustecky-kraj,karlovarsky-kraj,stredocesky-kraj",5100000,sale,CZK,B,Velmi úsporná,"Nabízíme k prodeji byt v osobním vlastnictví s předzahrádkou v nově vznikající lokalitě Hostivice, vzdálené 5min jízdy od Metropole Zličín. 3roky po výstavbě, přízemí, s předzahrádkou 109m2 do tvaru L, 2 terásky, v obci Hostivice v ulici Ječná. Byt se prodává vybavený krásnou kuchyňskou linkou, s veškerou dokumentací, vč veškerého zařízení. Zahrada je upravená, vyvýšená, na pozemku zahradní domek. Dispozice bytu: vstupní chodba, obývací pokoj s kuchyňským koutem a vstupem na terasu, ložnice , koupelna s vanou a WC. Bytová jednotka se skládá z prostorné předsíně s 2 skříněmi, ložnice( čalouněné lůžko 180x200, 2 velké skříně s posuvnými dveřmi, koupelna s vanou , umyvadlem, toaletou, elektrickým žebříkem a 3 koupelnové závěsné skříňky. Obývací prostor je spojený s kuchyní  s bílou kuchyňskou linkou včetně spotřebičů, ostrůvkem a americkou ledničkou. V obývací části je rozkládací gauč s úložným prostorem. Z obývacího pokoje můžete vyjít na zahradu, která je orientována na jižní a západní stranu. Předzahrádka má vlastní vchod, vstup do domu i bytu je bezbariérový. Náklady na byt jsou velmi nízké - měsíčně cca 3.000,-Kč pro 2 osoby včetně fondu oprav. Občanská vybavenost se nachází v centru Hostivice nebo v nedaleké obci Chýně, autobusová zastávka do Prahy (10min Zličín a Chýně) vzdálena cca 150 m od bytového domu. Přímo u metra se nachází i velké obchodní centrum Metropole Zličín. Velmi rychle se dostanete na pražský okruh, nebo na dálnici směr Karlovy Vary.Jedná se o příjemné, klidné bydlení v přírodě na okraji Prahy.",Tereza Tomášková,/adresar/realitni-samoobsluha-s-r-o-praha-holesovice/35418/makleri/96682,"Realitní Samoobsluha, s.r.o.",https://www.realitni-samoobsluha.cz,"list(list(`Celková cena:` = ""2 822 000 Kč za nemovitost, včetně provize, včetně DPH, včetně právního servisu"", `Aktualizace:` = ""05.08.2021"", `ID:` = ""4218858332"", `Stavba:` = ""Cihlová"", `Stav objektu:` = ""Novostavba"", `Vlastnictví:` = ""Osobní""), list(`Celková cena:` = ""7 500 000 Kč za nemovitost, + provize RK"", `Náklady na bydlení:` = ""platby SVJ: 2400, elektřina: 1200, plyn: 700"", `ID zakázky:` = ""16482"", `Aktualizace:` = ""07.08.2021"", `Stavba:` = ""Smíšená"", `Stav objektu:` = ""Velmi dobrý"", 
    `Vlastnictví:` = ""Osobní"", `Podlaží:` = ""1. podlaží z celkem 2"", `Užitná plocha:` = ""94 m2"", `Plocha podlahová:` = ""82 m2"", `Terasa:` = ""12 m2"", `Parkování:` = """"), list(`Celková cena:` = ""4 800 000 Kč za nemovitost, včetně provize (k jednání)"", `Poznámka k ceně:` = ""včetně provize pro RK"", `ID zakázky:` = ""17357"", `Aktualizace:` = ""07.08.2021"", `Stavba:` = ""Cihlová"", `Stav objektu:` = ""Novostavba"", `Vlastnictví:` = ""Osobní"", `Podlaží:` = ""2. podlaží z celkem 3"", 
    `Užitná plocha:` = ""63 m2"", `Plocha podlahová:` = ""63 m2"", `Terasa:` = ""9 m2"", `Sklep:` = """", `Parkování:` = """"), list(`Celková cena:` = ""11 900 000 Kč za nemovitost, včetně provize"", `Poznámka k ceně:` = ""Kupující neplatí provizi RK, cena je vč. provize RK a právního servisu."", `Náklady na bydlení:` = ""Poplatky ve výši 5.336,- Kč, plus stávající záloha elektřiny 1.740,- Kč, vše pro 3 osoby."", `ID zakázky:` = ""0205-NP07220"", `Aktualizace:` = ""06.08.2021"", `Stavba:` = ""Cihlová"", 
    `Stav objektu:` = ""Novostavba"", `Vlastnictví:` = ""Osobní"", `Umístění objektu:` = ""Klidná část obce"", `Podlaží:` = ""5. podlaží z celkem 5 včetně 1 podzemního"", `Užitná plocha:` = ""131 m2"", `Plocha podlahová:` = ""101 m2"", `Terasa:` = ""29 m2"", `Sklep:` = ""3 m2"", `Parkování:` = ""1""), list(`Celková cena:` = ""7 600 000 Kč za nemovitost, včetně provize"", `ID zakázky:` = ""775011"", `Aktualizace:` = ""06.08.2021"", `Stavba:` = ""Smíšená"", `Stav objektu:` = ""Velmi dobrý"", `Vlastnictví:` = ""Osobní"", 
    `Umístění objektu:` = ""Klidná část obce"", `Podlaží:` = ""1. podlaží z celkem 2"", `Užitná plocha:` = ""103 m2"", `Plocha podlahová:` = ""103 m2""), list(`Celková cena:` = ""3 500 000 Kč za nemovitost, včetně provize"", `Poznámka k ceně:` = ""V případě více zájemců může RK využít pro výběr kupujícího formu aukce."", `ID zakázky:` = ""773020"", `Aktualizace:` = ""Včera"", `Stavba:` = ""Cihlová"", `Stav objektu:` = ""Velmi dobrý"", `Vlastnictví:` = ""Osobní"", `Umístění objektu:` = ""Okraj obce"", 
    `Podlaží:` = ""1. podlaží z celkem 5 včetně 1 podzemního"", `Užitná plocha:` = ""80 m2"", `Plocha podlahová:` = ""38 m2"", `Plocha zahrady:` = ""38 m2""), list(`Celková cena:` = ""5 950 000 Kč za nemovitost, včetně provize, bez poplatků, bez DPH, včetně právního servisu"", `Aktualizace:` = ""06.08.2021"", `ID:` = ""966175580"", `Stavba:` = ""Cihlová"", `Stav objektu:` = ""Velmi dobrý"", `Vlastnictví:` = ""Osobní"", `Převod do OV:` = ""Ano"", `Umístění objektu:` = ""Klidná část obce"", `Podlaží:` = ""3. podlaží z celkem 4"", 
    `Užitná plocha:` = ""66 m2"", `Terasa:` = """", `Sklep:` = """", `Parkování:` = ""1"", `Datum nastěhování:` = ""01.09.2021""), list(`Celková cena:` = ""8 700 000 Kč za nemovitost, včetně provize, včetně DPH, včetně právního servisu"", `Poznámka k ceně:` = ""vč. DPH, neplatíte provizi!"", `ID zakázky:` = ""VDV_101"", `Aktualizace:` = ""Dnes"", `Stavba:` = ""Smíšená"", `Stav objektu:` = ""Novostavba"", `Vlastnictví:` = ""Osobní"", `Umístění objektu:` = ""Klidná část obce"", `Podlaží:` = ""1. podlaží z celkem 3 včetně 1 podzemního"", 
    `Užitná plocha:` = ""84 m2"", `Plocha podlahová:` = ""80 m2""), list(`Celková cena:` = ""5 100 000 Kč za nemovitost"", `Poznámka k ceně:` = ""+1% provize"", `ID zakázky:` = ""RS307423"", `Aktualizace:` = ""04.08.2021"", `Stavba:` = ""Cihlová"", `Stav objektu:` = ""Velmi dobrý"", `Vlastnictví:` = ""Osobní""), list(`Celková cena:` = ""7 210 000 Kč za nemovitost"", `ID zakázky:` = ""10947"", `Aktualizace:` = ""02.08.2021"", `Stavba:` = ""Cihlová"", `Stav objektu:` = ""Velmi dobrý"", `Vlastnictví:` = ""Osobní""))"
Prodej bytu 2+1 57 m²,https://www.sreality.cz/detail/prodej/byt/2+1/horomerice-horomerice-t--g--masaryka/366979932,366979932,"ustecky-kraj,karlovarsky-kraj,stredocesky-kraj",7210000,sale,CZK,C,Úsporná,"Nabízíme k prodeji byt 2+1 v osobním vlastnictví o celkové rozloze 57m2 + vlastní zahrada 150m2 - Horoměřice, okres Praha-západ. Byt kolaudován v roce 2011 je orientován na jižní a západní stranu. Po vstupu se ocitneme na chodbě odkud pak dále do všech místností - dětského pokoje, koupelny, samostatného WC a obývacího pokoje s kuchyní. Z obývacího pokoje pak na zahradu s vlastním posezením a zahradním domkem na nářadí. V případě zájmu může zůstat i trampolína a bazén. Vytápění bytu centrální plynovou kotelnou pro celý objekt. Součástí prodeje je i parkovací místo přímo u domu. Veškerá občanská vybavenost v Horoměřicích. Stanice metra Bořislavka cca 15 min. autobusem. Volné k nastěhování od 1.9.2021. pro bližší informace volejte makléře.",Martin Štěpnička,/adresar/reality-prostor-s-r-o-praha-kyje/60/makleri/4494,"Reality PROSTOR, s.r.o.",http://www.realityprostor.cz,"list(list(`Celková cena:` = ""2 822 000 Kč za nemovitost, včetně provize, včetně DPH, včetně právního servisu"", `Aktualizace:` = ""05.08.2021"", `ID:` = ""4218858332"", `Stavba:` = ""Cihlová"", `Stav objektu:` = ""Novostavba"", `Vlastnictví:` = ""Osobní""), list(`Celková cena:` = ""7 500 000 Kč za nemovitost, + provize RK"", `Náklady na bydlení:` = ""platby SVJ: 2400, elektřina: 1200, plyn: 700"", `ID zakázky:` = ""16482"", `Aktualizace:` = ""07.08.2021"", `Stavba:` = ""Smíšená"", `Stav objektu:` = ""Velmi dobrý"", 
    `Vlastnictví:` = ""Osobní"", `Podlaží:` = ""1. podlaží z celkem 2"", `Užitná plocha:` = ""94 m2"", `Plocha podlahová:` = ""82 m2"", `Terasa:` = ""12 m2"", `Parkování:` = """"), list(`Celková cena:` = ""4 800 000 Kč za nemovitost, včetně provize (k jednání)"", `Poznámka k ceně:` = ""včetně provize pro RK"", `ID zakázky:` = ""17357"", `Aktualizace:` = ""07.08.2021"", `Stavba:` = ""Cihlová"", `Stav objektu:` = ""Novostavba"", `Vlastnictví:` = ""Osobní"", `Podlaží:` = ""2. podlaží z celkem 3"", 
    `Užitná plocha:` = ""63 m2"", `Plocha podlahová:` = ""63 m2"", `Terasa:` = ""9 m2"", `Sklep:` = """", `Parkování:` = """"), list(`Celková cena:` = ""11 900 000 Kč za nemovitost, včetně provize"", `Poznámka k ceně:` = ""Kupující neplatí provizi RK, cena je vč. provize RK a právního servisu."", `Náklady na bydlení:` = ""Poplatky ve výši 5.336,- Kč, plus stávající záloha elektřiny 1.740,- Kč, vše pro 3 osoby."", `ID zakázky:` = ""0205-NP07220"", `Aktualizace:` = ""06.08.2021"", `Stavba:` = ""Cihlová"", 
    `Stav objektu:` = ""Novostavba"", `Vlastnictví:` = ""Osobní"", `Umístění objektu:` = ""Klidná část obce"", `Podlaží:` = ""5. podlaží z celkem 5 včetně 1 podzemního"", `Užitná plocha:` = ""131 m2"", `Plocha podlahová:` = ""101 m2"", `Terasa:` = ""29 m2"", `Sklep:` = ""3 m2"", `Parkování:` = ""1""), list(`Celková cena:` = ""7 600 000 Kč za nemovitost, včetně provize"", `ID zakázky:` = ""775011"", `Aktualizace:` = ""06.08.2021"", `Stavba:` = ""Smíšená"", `Stav objektu:` = ""Velmi dobrý"", `Vlastnictví:` = ""Osobní"", 
    `Umístění objektu:` = ""Klidná část obce"", `Podlaží:` = ""1. podlaží z celkem 2"", `Užitná plocha:` = ""103 m2"", `Plocha podlahová:` = ""103 m2""), list(`Celková cena:` = ""3 500 000 Kč za nemovitost, včetně provize"", `Poznámka k ceně:` = ""V případě více zájemců může RK využít pro výběr kupujícího formu aukce."", `ID zakázky:` = ""773020"", `Aktualizace:` = ""Včera"", `Stavba:` = ""Cihlová"", `Stav objektu:` = ""Velmi dobrý"", `Vlastnictví:` = ""Osobní"", `Umístění objektu:` = ""Okraj obce"", 
    `Podlaží:` = ""1. podlaží z celkem 5 včetně 1 podzemního"", `Užitná plocha:` = ""80 m2"", `Plocha podlahová:` = ""38 m2"", `Plocha zahrady:` = ""38 m2""), list(`Celková cena:` = ""5 950 000 Kč za nemovitost, včetně provize, bez poplatků, bez DPH, včetně právního servisu"", `Aktualizace:` = ""06.08.2021"", `ID:` = ""966175580"", `Stavba:` = ""Cihlová"", `Stav objektu:` = ""Velmi dobrý"", `Vlastnictví:` = ""Osobní"", `Převod do OV:` = ""Ano"", `Umístění objektu:` = ""Klidná část obce"", `Podlaží:` = ""3. podlaží z celkem 4"", 
    `Užitná plocha:` = ""66 m2"", `Terasa:` = """", `Sklep:` = """", `Parkování:` = ""1"", `Datum nastěhování:` = ""01.09.2021""), list(`Celková cena:` = ""8 700 000 Kč za nemovitost, včetně provize, včetně DPH, včetně právního servisu"", `Poznámka k ceně:` = ""vč. DPH, neplatíte provizi!"", `ID zakázky:` = ""VDV_101"", `Aktualizace:` = ""Dnes"", `Stavba:` = ""Smíšená"", `Stav objektu:` = ""Novostavba"", `Vlastnictví:` = ""Osobní"", `Umístění objektu:` = ""Klidná část obce"", `Podlaží:` = ""1. podlaží z celkem 3 včetně 1 podzemního"", 
    `Užitná plocha:` = ""84 m2"", `Plocha podlahová:` = ""80 m2""), list(`Celková cena:` = ""5 100 000 Kč za nemovitost"", `Poznámka k ceně:` = ""+1% provize"", `ID zakázky:` = ""RS307423"", `Aktualizace:` = ""04.08.2021"", `Stavba:` = ""Cihlová"", `Stav objektu:` = ""Velmi dobrý"", `Vlastnictví:` = ""Osobní""), list(`Celková cena:` = ""7 210 000 Kč za nemovitost"", `ID zakázky:` = ""10947"", `Aktualizace:` = ""02.08.2021"", `Stavba:` = ""Cihlová"", `Stav objektu:` = ""Velmi dobrý"", `Vlastnictví:` = ""Osobní""))"
